Phase,Features,Technologies,Estimated Hours,Priority,Dependencies
MVP Admin (Week 4),"• Basic user suspend/ban
• Job moderation queue
• Review moderation
• Payment transaction view
• Email toggle on/off
• Manual backup trigger
• Basic analytics view","React Admin Dashboard, MongoDB queries, JWT auth",40 hours,Critical for Launch,Core platform features complete
Enhanced Admin (Month 2),"• User profile editing
• Filter management UI
• Subscription management
• Featured jobs control
• Email template editor
• Automated backups
• Site maintenance mode","React + Node.js APIs, Cron jobs, MongoDB aggregations",60 hours,High,"MVP admin working, user feedback collected"
Advanced Admin (Month 3-4),"• CMS page editor
• Role-based access control
• Geographic controls
• WhatsApp toggle
• Broadcast messaging
• Export tools (CSV/JSON)
• Activity audit logs","Rich text editor (TinyMCE/Quill), RBAC library, AWS S3",80 hours,Medium,"Platform scaling, team growth"
Enterprise Admin (Month 5-6),"• Real-time analytics dashboard
• Custom report builder
• Fraud detection algorithms
• User impersonation
• Support ticket system
• 2FA for admins
• Data anonymization tools","Chart.js/Recharts, ML fraud models, OTP services, ETL pipelines",100 hours,Nice to Have,"Significant user base, revenue generation"
