Phase,Task,Status,Owner,Timeline
Pre-Development,Define admin roles and permissions matrix,☐ To Do,You,Week 4 - Day 1
Pre-Development,Design admin database schema,☐ To Do,You,Week 4 - Day 1
Pre-Development,Create admin UI wireframes/mockups,☐ To Do,You,Week 4 - Day 1
MVP Development,"Setup admin authentication (JWT, login page)",☐ To Do,You,Week 4 - Day 22-23
MVP Development,Build admin dashboard home with KPIs,☐ To Do,You,Week 4 - Day 23
MVP Development,"User management: view, suspend, edit",☐ To Do,You,Week 4 - Day 24
MVP Development,Job moderation queue,☐ To Do,You,Week 4 - Day 25
MVP Development,Review moderation queue,☐ To Do,You,Week 4 - Day 25
MVP Development,Payment transaction view,☐ To Do,You,Week 4 - Day 26
MVP Development,"System toggles (registration, email, maintenance)",☐ To Do,You,Week 4 - Day 26
MVP Development,Manual backup trigger,☐ To Do,You,Week 4 - Day 27
MVP Development,Basic analytics dashboard,☐ To Do,You,Week 4 - Day 27
MVP Development,Implement audit logging middleware,☐ To Do,You,Week 4 - Day 28
Testing,Test all admin CRUD operations,☐ To Do,You,Week 4 - Day 28
Testing,Verify permission checks on all routes,☐ To Do,You,Week 4 - Day 28
Testing,Test backup/restore process,☐ To Do,You,Week 4 - Day 28
Testing,"Security audit (authentication, authorization)",☐ To Do,You,Week 4 - Day 29
Deployment,Create your Super Admin account,☐ To Do,You,Week 4 - Day 30
Deployment,Setup 2FA for your account,☐ To Do,You,Week 4 - Day 30
Deployment,Configure backup schedule (daily),☐ To Do,You,Week 4 - Day 30
Deployment,Setup admin alert webhooks,☐ To Do,You,Week 4 - Day 30
Post-Launch,Monitor audit logs daily (first week),☐ To Do,You,Ongoing
Post-Launch,Review and optimize admin queries,☐ To Do,You,Month 2
Post-Launch,Add email template editor,☐ To Do,You,Month 2
Post-Launch,Implement RBAC for team delegation,☐ To Do,You,Month 3
Post-Launch,Build CMS page editor,☐ To Do,You,Month 3
Post-Launch,Add broadcast messaging feature,☐ To Do,You,Month 4
